identifier,date_,open_,close_,MA_5,MA_20
00657K,2020-11-04,29.34,29.45,21.516,25.345
00660,2020-11-04,21.61,21.79,21.122000000000003,22.488
00661,2020-11-04,29.77,29.72,29.440000000000005,29.634499999999996
00662,2020-11-04,41.77,42.69,41.366,42.943
00663L,2020-11-04,58.8,60.4,57.79,59.379999999999995
00664R,2020-11-04,9.37,9.25,9.440000000000001,9.333499999999999
00665L,2020-11-04,21.9,22.11,21.288,21.323500000000003
00666R,2020-11-04,12.64,12.52,12.786,12.807500000000001
00668,2020-11-04,28.26,28.56,27.744,28.9075
00668K,2020-11-04,9.97,9.97,9.709999999999999,10.066500000000001
00669R,2020-11-04,10.5,10.41,10.7,10.297500000000001
00670L,2020-11-04,63.4,66.95,62.33,67.36999999999999
00671R,2020-11-04,7.48,7.26,7.536,7.281499999999999
00673R,2020-11-04,31.54,31.2,32.92,30.891000000000002
00674R,2020-11-04,12.79,12.79,12.916,12.8085
00675L,2020-11-04,25.44,26.09,25.014,25.633499999999998
00676R,2020-11-04,5.07,5.01,5.12,5.071
00677U,2020-11-04,4.69,4.5,4.856,4.511
00678,2020-11-04,24.55,25.03,24.534000000000002,25.439
00680L,2020-11-04,29.02,29.75,29.494,29.8305
00681R,2020-11-04,12.67,12.72,12.726,12.704
00682U,2020-11-04,18.66,18.65,18.666,18.600500000000004
00683L,2020-11-04,17.83,17.87,17.92,17.79
00684R,2020-11-04,18.61,18.61,18.613999999999997,18.7155
00685L,2020-11-04,22.35,22.95,21.983999999999998,22.543
00686R,2020-11-04,5.54,5.47,5.59,5.523000000000001
00688L,2020-11-04,29.0,30.05,29.597999999999995,29.9985
00689R,2020-11-04,13.27,13.03,13.126,13.054499999999999
00690,2020-11-04,25.6,25.76,25.324,25.616000000000003
00692,2020-11-04,26.85,27.13,26.556,26.914499999999997
00693U,2020-11-04,16.4,16.44,16.286,16.3885
00700,2020-11-04,18.5,18.55,18.218,18.273500000000002
00701,2020-11-04,20.56,20.58,20.354,20.4545
00702,2020-11-04,15.98,16.15,15.542000000000002,16.0425
00703,2020-11-04,24.2,24.38,24.5,24.323
00706L,2020-11-04,17.85,17.86,17.93,17.761000000000003
00707R,2020-11-04,18.91,18.94,18.854,18.948500000000003
00708L,2020-11-04,31.1,31.04,30.534000000000002,31.136000000000003
00709,2020-11-04,18.45,18.56,18.041999999999998,18.874000000000002
00710B,2020-11-04,18.27,18.37,18.268,18.4585
00711B,2020-11-04,21.53,21.57,21.546000000000003,21.838500000000003
00712,2020-11-04,10.68,10.78,10.562,10.7605
00713,2020-11-04,34.21,34.35,34.232,33.683
00714,2020-11-04,17.95,18.15,17.43,18.0715
00715L,2020-11-04,2.93,2.99,2.816,3.2255000000000003
00717,2020-11-04,16.36,16.41,16.342000000000002,16.599
00728,2020-11-04,22.05,22.48,21.990000000000002,22.430500000000002
00730,2020-11-04,16.63,16.65,16.508,16.8995
00731,2020-11-04,46.51,46.8,46.176,46.33
00732,2020-11-04,38.7,38.7,38.68,38.69500000000001
00733,2020-11-04,23.99,23.82,23.94,24.053
00735,2020-11-04,24.91,25.2,24.842000000000002,25.194
00736,2020-11-04,20.16,20.4,20.32,20.3515
00737,2020-11-04,25.0,25.55,24.779999999999998,25.5595
00738U,2020-11-04,25.62,25.26,25.106,25.736
00739,2020-11-04,25.45,25.52,25.286,25.726999999999997
00742,2020-11-04,20.76,20.82,20.698,20.8215
00743,2020-11-04,26.28,26.08,26.278000000000002,26.075499999999998
00752,2020-11-04,29.99,29.83,29.948,29.361
00753L,2020-11-04,36.65,36.36,36.492000000000004,35.8505
00757,2020-11-04,38.42,39.21,38.552,39.631
00762,2020-11-04,31.21,31.93,30.913999999999998,31.931
00763U,2020-11-04,20.31,20.3,20.198,20.308999999999997
00770,2020-11-04,29.31,30.05,29.096000000000004,30.317500000000003
00771,2020-11-04,18.84,18.91,18.828,19.023500000000002
00774B,2020-11-04,37.95,38.15,37.94,38.4245
00775B,2020-11-04,44.7,44.7,44.42,44.515
00783,2020-11-04,20.94,20.86,20.848000000000003,21.291
008201,2020-11-04,120.0,120.0,118.00999999999999,119.63250000000001
00830,2020-11-04,21.03,21.38,20.656,21.4555
00850,2020-11-04,25.99,26.27,25.815999999999995,26.159
00851,2020-11-04,26.09,26.8,26.077999999999996,27.485000000000003
00852L,2020-11-04,13.2,13.51,12.748,13.9035
00861,2020-11-04,22.98,23.34,22.875999999999998,23.569
00865B,2020-11-04,37.85,37.7,37.769999999999996,37.8715
00866,2020-11-04,20.76,20.76,20.048,20.574499999999997
00875,2020-11-04,24.91,25.21,24.722,26.099
00876,2020-11-04,21.6,22.08,21.514,21.866500000000002
00878,2020-11-04,14.52,14.58,14.462,14.553
01001T,2020-11-04,18.37,18.38,18.372000000000003,18.3655
01002T,2020-11-04,18.39,18.39,18.318,18.389000000000003
01003T,2020-11-04,19.76,19.75,20.067999999999998,20.483
01004T,2020-11-04,16.42,16.38,16.438,16.43
01007T,2020-11-04,19.06,19.06,19.046,19.015
1101,2020-11-04,40.85,40.9,40.540000000000006,40.6625
1102,2020-11-04,42.0,42.2,41.559999999999995,41.1
1103,2020-11-04,15.8,15.9,15.709999999999999,15.825
1104,2020-11-04,20.05,20.0,20.020000000000003,20.1425
1108,2020-11-04,11.4,11.35,11.3,11.405
1109,2020-11-04,19.05,19.0,18.93,19.292499999999997
1110,2020-11-04,17.05,17.15,17.1,16.775
1305,2020-11-04,22.55,22.45,22.31,21.5125
1201,2020-11-04,20.4,20.15,20.250000000000004,20.185
1203,2020-11-04,36.1,35.55,35.230000000000004,34.36000000000003
1210,2020-11-04,44.95,44.9,45.160000000000004,45.042500000000004
1213,2020-11-04,8.79,8.5,8.532,9.1765
1215,2020-11-04,69.6,69.9,69.02000000000001,68.185
1216,2020-11-04,62.1,62.5,61.54,62.25
1217,2020-11-04,7.42,7.4,7.4220000000000015,7.468500000000001
1218,2020-11-04,22.0,22.1,21.84,22.0125
1219,2020-11-04,18.95,18.85,18.92,18.9675
1220,2020-11-04,12.0,11.95,11.87,11.852500000000001
1225,2020-11-04,31.6,31.6,31.55,31.6375
1227,2020-11-04,61.5,61.9,61.620000000000005,62.339999999999996
1229,2020-11-04,40.3,40.15,40.22,40.0775
1231,2020-11-04,42.35,42.45,42.3,42.347500000000004
1232,2020-11-04,125.5,124.5,123.3,119.75
1233,2020-11-04,36.05,36.25,36.03,36.17
1234,2020-11-04,32.7,32.85,32.57,32.832499999999996
1235,2020-11-04,25.0,25.15,25.169999999999998,25.080000000000002
1236,2020-11-04,13.45,13.5,13.38,13.38
1256,2020-11-04,279.5,277.0,282.7,282.2
1301,2020-11-04,80.0,81.3,79.32000000000001,79.815
1307,2020-11-04,20.9,20.8,20.840000000000003,21.057499999999997
1303,2020-11-04,60.0,61.0,59.29999999999999,59.8
1304,2020-11-04,18.8,18.1,18.110000000000003,17.145
1308,2020-11-04,19.25,19.05,19.160000000000004,18.515
1309,2020-11-04,34.5,33.1,33.14,31.03
1310,2020-11-04,16.5,16.45,16.31,16.380000000000003
1312,2020-11-04,23.2,22.8,22.660000000000004,20.7525
1312A,2020-11-04,30.35,30.35,30.160000000000007,30.0875
1313,2020-11-04,13.9,13.8,13.309999999999999,13.1125
1314,2020-11-04,8.78,8.77,8.642,8.486500000000001
1449,2020-11-04,12.85,12.9,12.979999999999999,14.7125
1315,2020-11-04,66.6,66.7,67.52000000000001,58.910000000000004
1316,2020-11-04,11.2,11.2,11.229999999999999,11.515
1319,2020-11-04,38.6,38.7,38.22,38.2
1321,2020-11-04,34.5,34.3,34.56,35.099999999999994
1323,2020-11-04,32.85,32.65,32.78,32.917500000000004
1324,2020-11-04,9.9,9.89,9.824000000000003,9.844500000000002
1325,2020-11-04,135.0,132.5,137.1,132.875
1326,2020-11-04,70.9,71.0,69.52000000000001,69.365
1337,2020-11-04,7.21,7.05,7.390000000000001,7.807
1338,2020-11-04,53.9,54.0,53.68000000000001,55.1
1339,2020-11-04,42.8,42.1,42.44,42.88
1340,2020-11-04,12.3,12.35,12.350000000000001,12.41
1402,2020-11-04,26.1,26.1,25.889999999999997,25.975
1409,2020-11-04,11.6,11.5,11.47,11.265
1451,2020-11-04,16.1,16.25,16.070000000000004,16.4
1410,2020-11-04,34.0,33.7,33.91,33.6525
1413,2020-11-04,8.91,8.82,8.856,8.977999999999998
1414,2020-11-04,14.95,14.9,12.450000000000003,10.372
1416,2020-11-04,11.3,11.25,11.62,13.229999999999999
1417,2020-11-04,10.9,10.8,10.690000000000003,11.045
1418,2020-11-04,8.0,8.0,7.846000000000001,7.889500000000001
1419,2020-11-04,43.6,43.85,43.489999999999995,43.7275
1423,2020-11-04,15.0,14.95,14.940000000000001,14.779999999999998
1432,2020-11-04,22.75,22.55,22.96,19.7425
1434,2020-11-04,31.45,31.4,31.459999999999997,31.425
1435,2020-11-04,21.55,20.85,19.119999999999997,17.7575
1436,2020-11-04,37.7,37.55,37.67,37.675
1437,2020-11-04,23.85,23.85,23.640000000000004,23.720000000000002
1438,2020-11-04,11.7,11.75,12.09,13.002500000000001
1439,2020-11-04,26.2,26.2,26.23,27.115000000000002
1440,2020-11-04,13.25,13.55,12.66,12.23
1441,2020-11-04,7.91,7.97,7.978,8.129500000000002
1442,2020-11-04,19.05,18.75,19.279999999999998,19.875
1443,2020-11-04,9.25,10.15,9.102,9.0
1444,2020-11-04,13.4,13.1,13.41,13.895
1445,2020-11-04,10.25,10.35,10.239999999999998,9.831
1446,2020-11-04,35.2,34.85,33.95,33.542500000000004
1447,2020-11-04,7.81,7.81,7.910000000000001,8.0295
1539,2020-11-04,19.95,19.6,19.650000000000002,20.759999999999998
1452,2020-11-04,15.5,15.5,15.419999999999998,15.482499999999998
1453,2020-11-04,8.5,8.49,8.444000000000004,8.5075
1454,2020-11-04,8.62,8.55,8.538,8.452
1455,2020-11-04,8.0,7.91,8.036000000000001,8.366499999999998
1456,2020-11-04,9.95,9.75,9.664,9.7295
1457,2020-11-04,14.05,14.0,13.950000000000003,13.865
1459,2020-11-04,8.16,8.22,8.238,8.2295
1460,2020-11-04,9.67,9.6,9.684,9.693999999999999
1463,2020-11-04,12.1,12.05,12.209999999999999,12.345
1464,2020-11-04,18.15,18.35,18.160000000000004,18.2025
1465,2020-11-04,12.95,12.95,12.88,13.007499999999999
1466,2020-11-04,23.3,22.9,23.86,24.955000000000002
1467,2020-11-04,18.75,18.75,18.509999999999998,18.5375
1468,2020-11-04,11.85,12.45,11.87,12.1375
1470,2020-11-04,16.65,16.65,17.830000000000002,17.904999999999998
1471,2020-11-04,5.15,5.0,5.038,5.3405000000000005
1472,2020-11-04,10.9,11.0,10.989999999999998,11.35
1473,2020-11-04,17.8,17.7,17.740000000000002,17.9375
1474,2020-11-04,12.65,12.95,12.510000000000002,12.4525
1475,2020-11-04,22.95,22.7,24.119999999999997,25.1575
1476,2020-11-04,387.0,390.0,377.7,375.875
1477,2020-11-04,185.5,190.0,187.8,181.025
1503,2020-11-04,50.1,50.1,49.739999999999995,49.52
1504,2020-11-04,29.95,29.95,29.870000000000005,29.972499999999997
1506,2020-11-04,10.45,10.5,10.820000000000002,11.209999999999999
1507,2020-11-04,65.0,65.0,63.779999999999994,64.53999999999999
1512,2020-11-04,4.85,4.85,4.730000000000001,4.6835
1513,2020-11-04,49.45,49.0,50.510000000000005,48.68
1514,2020-11-04,27.9,27.7,28.02,27.9575
1515,2020-11-04,79.8,81.9,79.4,82.315
1516,2020-11-04,22.05,22.65,21.830000000000005,20.665
1517,2020-11-04,15.35,15.05,13.780000000000001,12.5625
1519,2020-11-04,51.4,50.5,51.06,50.317499999999995
1521,2020-11-04,53.6,53.7,53.239999999999995,53.879999999999995
1522,2020-11-04,21.0,20.9,21.02,21.0775
1524,2020-11-04,9.48,9.43,9.428,9.3925
1525,2020-11-04,64.8,64.7,64.26,66.36
1526,2020-11-04,51.3,50.8,50.620000000000005,52.120000000000005
1527,2020-11-04,38.65,39.0,38.510000000000005,39.09
1528,2020-11-04,8.01,7.99,7.9940000000000015,8.0655
1529,2020-11-04,14.5,14.55,14.629999999999999,15.0
1530,2020-11-04,30.0,30.0,29.940000000000015,29.939999999999998
1531,2020-11-04,11.25,11.3,11.27,11.385
1532,2020-11-04,33.45,32.65,33.52,33.325
1533,2020-11-04,31.65,31.4,31.28,31.192499999999995
1535,2020-11-04,33.4,33.05,32.85,33.5225
1536,2020-11-04,90.0,90.8,88.66,92.26999500000001
1537,2020-11-04,138.0,137.5,137.4,138.075
1538,2020-11-04,9.3863,9.0193,6.750580000000001,4.550645
1760,2020-11-04,112.5,113.0,109.3,114.6
1540,2020-11-04,14.8,14.85,14.570000000000002,14.5375
1541,2020-11-04,51.6,52.1,51.14,52.55
1558,2020-11-04,136.5,137.0,136.7,136.65
1560,2020-11-04,58.4,58.2,58.58,59.81
1568,2020-11-04,16.7,16.6,16.94,16.7
1582,2020-11-04,86.2,86.5,85.42,85.42999999999999
1583,2020-11-04,59.0,59.0,59.239999999999995,59.614999999999995
1587,2020-11-04,26.2,25.8,25.4,26.369999999999997
1589,2020-11-04,91.0,92.8,91.47999999999999,94.69
1590,2020-11-04,733.0,726.0,733.0,694.8
1592,2020-11-04,10.5,10.4,10.55,10.775
1598,2020-11-04,135.0,147.0,132.8,128.8
1603,2020-11-04,28.8,28.3,28.76,29.0925
1604,2020-11-04,23.4,23.9,23.05,22.947499999999998
1605,2020-11-04,18.2,18.0,17.870000000000005,17.419999999999998
1608,2020-11-04,11.45,11.1,10.88,10.627500000000001
1609,2020-11-04,20.5,20.05,20.479999999999997,20.3275
1611,2020-11-04,10.9,10.85,10.879999999999999,11.07
1612,2020-11-04,15.1,15.55,15.01,14.84
1614,2020-11-04,35.2,35.05,35.029999999999994,35.525
1615,2020-11-04,21.1,21.1,21.250000000000004,21.605
1616,2020-11-04,5.45,5.45,5.396,5.513
1617,2020-11-04,13.1,13.05,13.1,13.11
1618,2020-11-04,12.05,11.8,12.059999999999999,11.099
1626,2020-11-04,22.3,22.4,22.93,23.8775
1701,2020-11-04,23.35,23.15,23.060000000000002,23.045
1702,2020-11-04,43.05,43.15,42.96,42.972500000000004
1707,2020-11-04,167.0,168.0,166.4,166.625
1762,2020-11-04,63.5,64.1,62.7,64.29
1708,2020-11-04,22.2,22.25,22.15,22.5825
1709,2020-11-04,14.15,14.1,14.089999999999998,14.0275
1710,2020-11-04,16.8,16.8,16.54000000000001,16.4975
1711,2020-11-04,16.4,16.4,16.42,16.3875
1712,2020-11-04,19.85,19.75,19.610000000000003,19.695
1713,2020-11-04,18.05,18.1,18.02,17.955
1714,2020-11-04,10.85,10.65,10.639999999999999,10.3185
1717,2020-11-04,34.35,34.45,33.57000000000001,33.3875
1718,2020-11-04,8.64,8.55,8.526,8.266
1720,2020-11-04,37.0,37.2,36.97,37.715
1721,2020-11-04,10.0,10.0,9.992,10.047500000000001
1722,2020-11-04,51.0,50.9,50.61,50.5075
1723,2020-11-04,92.4,92.3,92.08000000000001,92.935
1724,2020-11-04,12.65,12.7,12.67,12.795
1725,2020-11-04,14.1,14.1,13.920000000000002,13.907500000000002
1726,2020-11-04,70.0,70.1,69.94000000000001,69.81
1727,2020-11-04,10.7,10.65,10.69,10.775
1730,2020-11-04,71.5,72.3,71.67999999999999,72.22
1731,2020-11-04,17.8,17.75,17.53,16.8525
1732,2020-11-04,23.45,23.7,22.72,21.2475
1733,2020-11-04,24.2,24.15,24.17,24.23
1734,2020-11-04,33.0,33.2,32.92999999999999,34.9125
1735,2020-11-04,16.95,16.95,16.82,16.93
1736,2020-11-04,67.5,67.1,66.67999999999999,69.285
1737,2020-11-04,32.7,32.65,32.67999999999999,32.4
2102,2020-11-04,20.15,21.3,20.11,20.2025
1773,2020-11-04,100.5,100.0,99.38,100.37
1776,2020-11-04,15.75,15.65,15.580000000000002,15.645
1783,2020-11-04,22.5,22.35,22.35,22.8675
1786,2020-11-04,65.1,65.2,64.35999999999999,65.18499999999999
1789,2020-11-04,28.75,28.85,28.79,29.759999999999998
1795,2020-11-04,82.0,82.5,80.5,81.1
1802,2020-11-04,13.15,12.9,12.629999999999999,12.77
1805,2020-11-04,9.99,9.71,10.000000000000002,10.184999999999999
1806,2020-11-04,6.14,6.1,6.154,6.3534999999999995
1808,2020-11-04,63.5,62.9,63.44,63.77499999999999
1809,2020-11-04,11.7,11.45,11.569999999999999,11.6675
1810,2020-11-04,9.06,9.02,9.022,9.356
1817,2020-11-04,30.5,30.5,30.369999999999997,30.54
1902,2020-11-04,2.37,2.36,2.364,2.4074999999999998
1903,2020-11-04,67.5,67.9,66.82000000000001,65.425
1904,2020-11-04,33.5,33.25,33.989999999999995,33.529999999999994
1905,2020-11-04,9.32,9.22,9.29,9.0855
1906,2020-11-04,14.7,14.65,14.580000000000004,14.615
1907,2020-11-04,20.2,20.15,19.86,18.8125
1909,2020-11-04,16.340999999999998,16.2912,16.44452,16.58363
2002,2020-11-04,20.5,20.65,20.41,20.55
2002A,2020-11-04,49.95,50.2,50.13,50.7375
2006,2020-11-04,30.1,30.35,30.110000000000003,29.380000000000003
2007,2020-11-04,6.81,6.8,6.774000000000001,7.009
2008,2020-11-04,12.95,13.2,12.900000000000002,13.280000000000001
2009,2020-11-04,9.55,9.4,9.386000000000001,9.5675
2010,2020-11-04,11.15,11.4,10.9,10.9475
2012,2020-11-04,16.1,16.1,16.11,16.375
2013,2020-11-04,30.7,31.1,29.96,30.0
2014,2020-11-04,10.25,10.4,10.028,10.0165
2015,2020-11-04,57.1,57.3,57.08,56.82000000000001
2017,2020-11-04,8.22,8.15,8.294,8.472
2020,2020-11-04,16.2,16.2,16.19,16.167499999999997
2022,2020-11-04,5.1,5.1,5.192,5.3255
2023,2020-11-04,10.25,10.2,10.26,10.34
2024,2020-11-04,14.65,14.8,14.760000000000002,14.84
2025,2020-11-04,2.79,2.67,2.7800000000000002,2.899
2027,2020-11-04,24.5,24.5,22.92,21.515
2028,2020-11-04,10.35,10.3,10.42,10.182500000000001
2029,2020-11-04,18.35,18.55,18.36,18.6375
2030,2020-11-04,10.4,10.35,10.34,10.260000000000002
2031,2020-11-04,32.3,31.75,31.939999999999998,31.9175
2032,2020-11-04,9.94,9.96,9.89,9.897499999999999
2033,2020-11-04,9.55,9.65,9.658,9.8235
2034,2020-11-04,23.25,23.25,23.05,23.1475
2038,2020-11-04,9.87,9.8,9.767999999999999,9.8315
2049,2020-11-04,258.48900000000003,262.954,259.5134,272.52834999999993
2059,2020-11-04,288.0,290.0,288.7,287.725
2062,2020-11-04,24.4,23.9,24.110000000000003,25.767500000000002
2069,2020-11-04,14.75,14.75,14.709999999999999,14.814999999999998
2101,2020-11-04,40.3,41.05,41.18,42.7625
2351,2020-11-04,62.7,62.6,60.86,62.325
2103,2020-11-04,20.1,19.75,20.439999999999998,20.767500000000002
2104,2020-11-04,20.1,20.05,19.87,19.895000000000003
2105,2020-11-04,36.6,37.5,36.29,36.9325
2106,2020-11-04,32.3,33.55,31.6,30.679999999999996
2107,2020-11-04,20.0,20.05,20.080000000000002,20.157500000000002
2108,2020-11-04,72.3,71.6,73.53999999999999,63.035000000000004
2109,2020-11-04,11.3,11.45,11.260000000000002,11.7975
2114,2020-11-04,81.9,82.0,81.44000000000001,81.45
2115,2020-11-04,41.8,41.85,41.69,41.5875
2201,2020-11-04,35.3,35.15,36.29,32.425
2204,2020-11-04,44.35,44.7,44.440000000000005,44.415000000000006
2206,2020-11-04,23.0,22.95,22.72,23.082500000000003
2207,2020-11-04,629.0,629.0,618.2,635.65
2208,2020-11-04,24.7,24.55,24.78,24.8725
2227,2020-11-04,248.5,248.5,247.2,248.1
2228,2020-11-04,78.7,79.0,78.24,78.745
2231,2020-11-04,163.5,168.0,161.5,165.025
2233,2020-11-04,80.2,80.2,80.28,79.56500000000001
2236,2020-11-04,16.9499,16.65,16.60998,16.709975
2239,2020-11-04,80.2,80.1,77.75999999999999,78.57000000000001
2243,2020-11-04,10.75,10.75,10.9,11.942499999999999
2301,2020-11-04,46.6,47.25,46.29,45.88
2302,2020-11-04,19.3,18.95,17.93,16.8225
2303,2020-11-04,30.2,31.65,30.96,31.507500000000004
2305,2020-11-04,7.71,7.6,7.69,7.934
2308,2020-11-04,188.0,192.0,191.2,194.375
2352,2020-11-04,19.25,19.15,19.04,19.1125
2312,2020-11-04,10.85,10.8,10.690000000000001,10.97
2313,2020-11-04,44.1,43.8,43.92999999999999,45.2825
2314,2020-11-04,22.15,22.25,21.990000000000006,22.330000000000002
2316,2020-11-04,29.05,28.9,28.970000000000006,29.452500000000004
2317,2020-11-04,78.4,78.8,77.91999999999999,79.09
2321,2020-11-04,9.5,9.63,9.416000000000004,7.946000000000001
2323,2020-11-04,8.1,8.08,7.998000000000002,8.0995
2324,2020-11-04,18.8,18.7,18.75,18.725
2327,2020-11-04,380.0,381.5,359.1,358.175
2328,2020-11-04,17.4,17.4,17.36,17.527499999999996
2329,2020-11-04,11.2,11.05,11.180000000000001,11.2975
2330,2020-11-04,444.5,450.0,438.1,449.175
2331,2020-11-04,18.0,17.3,17.310000000000002,16.904999999999998
2332,2020-11-04,19.1,18.8,18.52,18.665
2337,2020-11-04,32.1,32.0,32.39,32.1975
2338,2020-11-04,28.5,28.45,28.160000000000004,29.0875
2340,2020-11-04,23.1,24.15,22.870000000000005,23.6075
2342,2020-11-04,28.55,27.8,27.270000000000003,28.095
2344,2020-11-04,17.8,17.75,17.230000000000004,15.902499999999998
2345,2020-11-04,209.0,210.5,207.4,214.825
2347,2020-11-04,42.6,42.05,42.260000000000005,41.82
2348,2020-11-04,90.1,91.9,88.84,88.67
2349,2020-11-04,10.6,10.4,10.48,10.318999999999999
2424,2020-11-04,23.8,21.6,25.619999999999997,19.185
2353,2020-11-04,23.85,22.85,23.990000000000002,24.4975
2354,2020-11-04,51.4,51.1,50.660000000000004,51.4
2355,2020-11-04,30.7,30.0,30.97,29.869999999999997
2356,2020-11-04,22.5,22.2,22.439999999999998,22.05
2357,2020-11-04,243.0,242.0,243.7,244.8
2358,2020-11-04,14.75,14.8,14.700000000000003,15.0975
2359,2020-11-04,18.45,18.45,18.37,18.865
2360,2020-11-04,141.0,141.5,140.8,150.1
2362,2020-11-04,29.1,29.2,28.910000000000004,29.0725
2363,2020-11-04,11.35,11.45,11.430000000000001,12.120000000000001
2364,2020-11-04,3.71,3.82,3.868000000000001,4.395999999999999
2365,2020-11-04,11.0,11.0,10.690000000000001,10.76
2367,2020-11-04,21.6,21.6,21.29,21.880000000000003
2368,2020-11-04,45.5,45.15,44.230000000000004,46.529999999999994
2369,2020-11-04,10.8,10.8,10.78,10.96
2371,2020-11-04,20.35,20.5,20.82,19.555
2373,2020-11-04,84.3,84.0,84.58,85.5
2374,2020-11-04,13.05,13.0,13.02,13.285
2375,2020-11-04,49.05,49.9,45.28000000000001,45.33
2376,2020-11-04,71.7,71.9,71.24,76.275
2377,2020-11-04,117.5,119.0,117.5,123.575
2379,2020-11-04,353.5,358.5,354.0,370.775
2380,2020-11-04,6.2,6.15,6.256,6.647500000000001
2382,2020-11-04,73.0,72.7,72.22,73.005
2383,2020-11-04,146.5,148.0,148.3,151.725
2385,2020-11-04,87.7,87.9,86.46000000000001,84.8
2387,2020-11-04,65.3,66.8,64.83999999999999,68.13499999999999
2388,2020-11-04,37.55,38.6,38.08,36.8525
2390,2020-11-04,15.7,15.6,15.460000000000003,16.145
2392,2020-11-04,40.8,40.65,40.66,41.464999999999996
2393,2020-11-04,39.15,39.05,38.64,38.785
2395,2020-11-04,293.0,293.0,289.9,294.875
2397,2020-11-04,65.6,65.9,65.66000000000001,67.315
2399,2020-11-04,15.1,15.25,15.11,13.530000000000001
2401,2020-11-04,14.4,14.35,14.25,14.529999999999998
2402,2020-11-04,17.85,17.4,17.74,18.542499999999997
2425,2020-11-04,28.35,28.2,28.339999999999996,27.7825
2404,2020-11-04,200.5,200.5,199.6,200.0
2405,2020-11-04,8.93,8.91,8.884,8.935500000000001
2406,2020-11-04,24.45,23.1,25.54,24.3625
2408,2020-11-04,59.5,59.0,58.11999999999999,60.044999999999995
2409,2020-11-04,11.85,11.65,11.61,11.59
2412,2020-11-04,109.0,109.5,108.4,107.525
2413,2020-11-04,18.5,18.45,18.65,18.825
2414,2020-11-04,24.85,24.9,24.64,24.91
2415,2020-11-04,15.1,15.15,15.11,15.1875
2417,2020-11-04,62.1,62.1,63.35999999999999,64.6
2419,2020-11-04,20.45,20.25,20.410000000000004,20.94
2420,2020-11-04,32.0,32.15,31.979999999999997,32.0775
2421,2020-11-04,57.8,58.2,58.46,61.709999999999994
2423,2020-11-04,22.7,22.5,22.3,22.125
2497,2020-11-04,16.75,16.7,16.38,16.5125
2426,2020-11-04,17.5,17.7,17.55,17.025
2427,2020-11-04,10.4,10.45,10.309999999999999,10.432500000000001
2428,2020-11-04,115.0,116.0,110.5,108.625
2429,2020-11-04,21.7,20.95,19.860000000000003,17.7575
2430,2020-11-04,18.15,18.2,18.16,18.2375
2431,2020-11-04,10.95,10.85,10.690000000000003,10.8085
2433,2020-11-04,48.0,48.0,48.03,48.3125
2434,2020-11-04,26.0,26.0,26.000000000000007,26.15
2436,2020-11-04,30.7,30.9,30.45,31.5
2438,2020-11-04,6.31,6.29,6.299999999999999,6.335500000000001
2439,2020-11-04,140.0,139.5,141.9,149.425
2440,2020-11-04,10.55,10.45,10.66,11.3875
2441,2020-11-04,50.0,50.1,49.980000000000004,50.39
2442,2020-11-04,10.45,10.75,10.23,10.245
2443,2020-11-04,4.65,4.63,4.630000000000001,5.0945
2444,2020-11-04,14.45,14.4,14.530000000000005,14.954999999999998
2448,2020-11-04,34.65,34.5,33.790000000000006,35.1725
2449,2020-11-04,30.5,31.05,30.23,30.552500000000002
2450,2020-11-04,28.5,28.5,28.57,28.855
2451,2020-11-04,63.7,63.8,63.720000000000006,62.83
2453,2020-11-04,16.35,16.35,16.32,16.825
2454,2020-11-04,671.0,677.0,674.0,681.7
2455,2020-11-04,84.0,84.0,81.78,83.66
2456,2020-11-04,115.5,119.0,106.24000000000001,103.675
2457,2020-11-04,12.05,12.15,11.870000000000005,11.59
2458,2020-11-04,135.5,138.0,135.6,141.025
2459,2020-11-04,44.1,44.3,44.440000000000005,43.8425
2460,2020-11-04,13.65,13.75,13.459999999999997,13.530000000000001
2461,2020-11-04,15.5,15.3,15.52,16.1025
2462,2020-11-04,24.2,24.25,24.27,24.4375
2464,2020-11-04,40.4,41.3,39.9,40.7325
2465,2020-11-04,14.8,14.85,15.050000000000002,15.1725
2466,2020-11-04,29.85,29.85,29.810000000000002,29.9
2467,2020-11-04,32.05,31.75,31.5,30.365
2468,2020-11-04,13.1,13.1,12.920000000000002,13.120000000000001
2471,2020-11-04,20.3,20.45,20.240000000000002,20.59
2472,2020-11-04,53.8,54.1,52.739999999999995,53.165025
2474,2020-11-04,186.0,183.5,182.5,181.35
2476,2020-11-04,18.9,18.85,18.69,18.8425
2477,2020-11-04,29.0,29.35,28.53,27.109999999999996
2478,2020-11-04,71.9,71.0,68.46000000000001,69.055
2498,2020-11-04,28.75,28.65,28.68,29.04
2480,2020-11-04,64.7,65.4,64.14000000000001,63.71
2481,2020-11-04,37.05,37.0,36.489999999999995,37.695
2482,2020-11-04,10.05,10.05,9.99,10.157499999999999
2483,2020-11-04,19.0,19.1,19.020000000000003,19.1
2484,2020-11-04,21.05,21.0,20.810000000000002,21.15
2485,2020-11-04,18.5,18.25,18.279999999999998,18.347500000000004
2486,2020-11-04,13.7,14.2,13.39,13.190000000000001
2488,2020-11-04,28.65,28.65,28.53,28.610000000000003
2489,2020-11-04,10.6,10.5,10.379999999999999,10.5425
2491,2020-11-04,9.0,9.03,8.902000000000001,8.661999999999999
2492,2020-11-04,182.5,181.0,167.3,163.25
2493,2020-11-04,33.65,33.55,33.37,33.9625
2495,2020-11-04,12.1,12.1,12.059999999999999,12.2375
2496,2020-11-04,60.0,59.7,60.0,60.075
2637,2020-11-04,21.1,21.1,21.21,21.7275
2499,2020-11-04,240.0,237.0,51.29600000000001,15.913999999999998
2501,2020-11-04,19.15,19.25,19.15,19.3775
2504,2020-11-04,26.7,26.7,26.190000000000005,25.982439999999997
2505,2020-11-04,23.95,23.75,23.84,23.817500000000003
2506,2020-11-04,9.52,9.51,9.516,9.625499999999999
2509,2020-11-04,19.0,18.95,19.09000000000001,19.205
2511,2020-11-04,10.7,10.7,10.66,10.7725
2514,2020-11-04,13.65,13.55,13.65,13.8125
2515,2020-11-04,7.43,7.4,7.398000000000001,7.519500000000001
2516,2020-11-04,5.28,5.29,5.246,5.329
2520,2020-11-04,34.2,34.5,34.870000000000005,38.082499999999996
2524,2020-11-04,38.35,38.0,38.03,38.5375
2527,2020-11-04,18.45,18.5,18.43,18.4725
2528,2020-11-04,23.9,24.0,23.830000000000005,23.87
2530,2020-11-04,15.5,15.35,15.39,15.472514999999998
2534,2020-11-04,17.1,17.3,17.12,17.315
2535,2020-11-04,27.55,27.75,27.290000000000003,25.97
2536,2020-11-04,23.95,24.0,23.9,24.137499999999996
2537,2020-11-04,10.25,10.3,10.22,10.505
2538,2020-11-04,9.84,9.81,9.751999999999999,9.859
2539,2020-11-04,30.25,30.25,30.1,30.197499999999998
2540,2020-11-04,64.6,64.8,62.720000000000006,60.330000000000005
2542,2020-11-04,42.4,42.0,41.91,42.9275
2543,2020-11-04,6.97,7.01,6.87,7.029499999999999
2545,2020-11-04,38.6,38.5,38.699999999999996,39.36749999999999
2546,2020-11-04,46.45,46.45,46.68,47.5675
2547,2020-11-04,10.55,10.5,10.64,10.467500000000001
2548,2020-11-04,86.3,86.3,86.52,86.53999999999999
2597,2020-11-04,60.0,60.2,60.14,60.25
2601,2020-11-04,8.99,8.88,9.140000000000006,9.787
2603,2020-11-04,19.3,19.8,19.06,18.065
2605,2020-11-04,14.3,14.3,14.299999999999997,14.607500000000002
2606,2020-11-04,29.0,29.05,28.98,29.764999999999997
2607,2020-11-04,15.0,15.05,14.830000000000002,14.39
2608,2020-11-04,40.5,40.45,40.0,39.625
2609,2020-11-04,11.95,12.5,11.620000000000001,10.8625
2610,2020-11-04,8.7,8.68,8.762,8.6735
2611,2020-11-04,7.17,7.16,7.104000000000001,7.141500000000001
2612,2020-11-04,25.05,25.0,24.790000000000003,25.365
2613,2020-11-04,16.7,17.2,15.459999999999999,15.120000000000001
2614,2020-11-04,17.3,17.1,16.96,16.5375
2615,2020-11-04,28.45,28.9,26.95,25.1175
2616,2020-11-04,29.9,30.0,29.96,29.9575
2617,2020-11-04,16.65,16.7,16.72,16.84
2618,2020-11-04,10.95,11.1,10.879999999999999,10.815
2630,2020-11-04,15.293,15.293,15.473400000000002,15.85335
2633,2020-11-04,30.4,30.2,30.26,30.732499999999998
2634,2020-11-04,27.95,27.8,27.6,28.054999999999996
2636,2020-11-04,38.65,39.2,38.48,37.54
2642,2020-11-04,35.4,35.0,35.120000000000005,34.095
2701,2020-11-04,11.65,11.8,11.649999999999999,11.72
2702,2020-11-04,15.75,15.65,15.740000000000006,15.75
2704,2020-11-04,32.15,31.85,31.35,30.6975
2705,2020-11-04,22.15,22.15,22.16,20.91
2706,2020-11-04,13.2,13.25,13.13,13.23
2707,2020-11-04,128.0,128.5,127.3,129.525
2712,2020-11-04,46.75,45.75,45.739999999999995,45.9125
2722,2020-11-04,25.45,25.25,25.820000000000004,26.785000000000004
2723,2020-11-04,103.5,105.0,103.09999999999998,102.96499999999999
2727,2020-11-04,76.9,76.2,75.34,75.78999999999999
2731,2020-11-04,64.8,64.8,65.14,66.4
2739,2020-11-04,23.6,24.0,24.48,24.855
2748,2020-11-04,39.65,39.3,39.65,40.0775
2801,2020-11-04,17.3,17.4,17.160000000000004,17.3275
2809,2020-11-04,39.4,38.95,39.27,38.925
2812,2020-11-04,11.0,10.95,10.9,10.870000000000001
2816,2020-11-04,19.5,19.45,19.240000000000002,19.1225
2820,2020-11-04,14.6,14.6,14.550000000000002,14.63
2823,2020-11-04,19.4,19.45,19.479999999999997,19.88
2832,2020-11-04,19.8,19.85,19.740000000000002,19.75
2834,2020-11-04,9.6,9.64,9.53,9.613000000000001
2836,2020-11-04,10.05,10.1,10.05,10.0595
2838,2020-11-04,10.15,10.15,10.080000000000002,10.105
2841,2020-11-04,7.39,7.31,7.418000000000001,7.6
2845,2020-11-04,10.4,10.4,10.349999999999998,10.35
2849,2020-11-04,14.6,14.7,14.580000000000002,14.532499999999999
2903,2020-11-04,23.75,24.1,23.77,24.134999999999998
2850,2020-11-04,36.45,36.85,36.14,35.82
2851,2020-11-04,20.45,20.5,20.33,20.5225
2852,2020-11-04,12.9,12.95,12.870000000000001,12.9475
2855,2020-11-04,14.8,14.9,14.77,15.032499999999999
2867,2020-11-04,8.68,8.65,8.600000000000001,8.851
2880,2020-11-04,17.45,17.5,17.34,17.490000000000002
2881,2020-11-04,41.5,41.65,41.08,41.3375
2881A,2020-11-04,62.0,61.9,61.9,62.095000000000006
2882,2020-11-04,38.55,39.15,38.42,38.477500000000006
2883,2020-11-04,8.54,8.49,8.440000000000001,8.4835
2884,2020-11-04,24.95,24.85,24.55,24.89
2885,2020-11-04,18.0,18.15,17.810000000000002,17.9525
2886,2020-11-04,28.2,28.1,27.79,27.842499999999994
2887,2020-11-04,12.8,12.85,12.71,12.8125
2888,2020-11-04,8.13,8.11,8.048,8.094
2889,2020-11-04,11.8,11.8,11.780000000000001,11.7825
2890,2020-11-04,10.85,10.95,10.809999999999999,10.81
2891,2020-11-04,18.25,18.2,18.1,18.1375
2892,2020-11-04,20.5,20.5,20.27,20.4225
2897,2020-11-04,6.45,6.42,6.426000000000002,6.5515
2901,2020-11-04,23.8,23.75,23.63,23.815
50,2020-11-04,105.0,106.15,103.97999999999999,105.5125
51,2020-11-04,39.35,39.43,39.366,39.646499999999996
0052,2020-11-04,92.85,93.7,91.75,93.635
0053,2020-11-04,50.3,50.5,49.686,50.60549999999999
0054,2020-11-04,25.2,25.05,24.776,25.044500000000003
0055,2020-11-04,17.69,17.5,17.344,17.3945
0056,2020-11-04,28.1,28.05,27.978,29.2
0057,2020-11-04,69.9,69.6,68.31,69.36
0061,2020-11-04,21.6,21.74,21.536,21.598999999999997
006203,2020-11-04,48.96,49.35,48.348,49.2855
006204,2020-11-04,63.25,63.25,62.209999999999994,63.585
006205,2020-11-04,34.86,34.99,34.642,35.061
006206,2020-11-04,35.75,35.89,35.744,35.987
006207,2020-11-04,28.36,28.5,28.107999999999997,28.1495
006208,2020-11-04,60.0,60.7,59.339999999999996,60.197500000000005
00625K,2020-11-04,8.26,8.26,18.776,28.377
00631L,2020-11-04,65.95,68.2,64.77,66.465
00632R,2020-11-04,8.23,8.13,8.312,8.226
00633L,2020-11-04,59.45,60.3,58.589999999999996,58.6075
00634R,2020-11-04,4.48,4.44,4.506000000000001,4.5015
00635U,2020-11-04,25.93,25.99,25.75,26.0045
00636,2020-11-04,24.83,24.94,24.556,24.5855
00636K,2020-11-04,24.83,24.94,14.983999999999998,19.750999999999998
00637L,2020-11-04,23.21,23.54,22.854000000000003,22.847
00638R,2020-11-04,8.93,8.87,9.005999999999998,9.0445
00639,2020-11-04,15.22,15.26,14.986,14.7915
00640L,2020-11-04,19.81,20.07,19.508,19.982499999999998
00641R,2020-11-04,13.23,13.15,13.34,13.206999999999999
00642U,2020-11-04,7.18,7.27,7.006,7.3775
00643,2020-11-04,17.65,17.62,17.549999999999997,17.448
00645,2020-11-04,21.1,21.19,20.866,21.068
00646,2020-11-04,29.59,29.84,29.082,30.014499999999998
00647L,2020-11-04,40.29,41.64,39.208000000000006,42.0255
00648R,2020-11-04,9.49,9.31,9.613999999999999,9.318999999999999
00650L,2020-11-04,23.14,23.33,22.55,22.563
00651R,2020-11-04,8.29,8.24,8.388000000000002,8.4105
00652,2020-11-04,20.76,20.8,20.586000000000002,21.0035
00653L,2020-11-04,23.98,23.97,23.45,23.9985
00654R,2020-11-04,12.29,12.19,12.368,12.277
00655L,2020-11-04,44.23,44.88,43.464,43.425
00656R,2020-11-04,8.19,8.1,8.24,8.245999999999999
00657,2020-11-04,29.34,29.45,29.038,29.125999999999998
2904,2020-11-04,24.05,24.05,23.990000000000002,24.017500000000002
2905,2020-11-04,21.0,21.1,20.91,21.4625
2906,2020-11-04,13.55,13.75,13.540000000000001,13.582500000000001
2908,2020-11-04,25.85,26.05,25.869999999999997,25.427500000000002
2910,2020-11-04,31.7,31.8,31.68,31.817500000000003
2911,2020-11-04,6.66,6.6,6.546000000000001,6.5905000000000005
2912,2020-11-04,263.0,262.0,262.1,268.325
2913,2020-11-04,16.65,16.7,16.5,16.955000000000002
2915,2020-11-04,66.5,66.3,66.6,65.85499999999999
2923,2020-11-04,24.65,24.8,24.81,24.6475
2929,2020-11-04,30.5,30.0,29.95,31.322504999999996
2936,2020-11-04,20.15,20.3,20.04,19.9925
2939,2020-11-04,94.0,93.0,95.38,97.13
3002,2020-11-04,12.65,12.45,12.53,12.255
3003,2020-11-04,38.8,39.15,38.19,38.875
3004,2020-11-04,48.6,48.5,48.690000000000005,49.6525
3005,2020-11-04,47.25,47.15,47.410000000000004,47.065
3006,2020-11-04,41.9,42.75,41.65999999999999,41.0975
3008,2020-11-04,3150.0,3120.0,3058.0,3100.5
3010,2020-11-04,63.7,64.1,64.34,60.45
3011,2020-11-04,6.12,6.17,6.17,6.3740000000000006
3013,2020-11-04,12.5,12.6,12.400000000000002,12.675
3014,2020-11-04,68.2,68.5,68.2,71.45
3015,2020-11-04,33.8,33.5,33.260000000000005,33.9125
3016,2020-11-04,61.6,61.1,60.160000000000004,63.714999999999996
3017,2020-11-04,67.3,68.4,67.2,69.09
3018,2020-11-04,20.15,20.05,20.15,20.6
3019,2020-11-04,64.7,65.3,63.660000000000004,65.08000000000001
3021,2020-11-04,15.25,15.2,15.260000000000002,15.5575
3022,2020-11-04,44.5,44.5,43.98,43.6725
3023,2020-11-04,196.0,195.0,195.1,190.15
3024,2020-11-04,11.45,11.3,11.280000000000005,11.47
3025,2020-11-04,17.95,17.9,17.93,18.9
3026,2020-11-04,105.5,105.5,101.3,102.275
3027,2020-11-04,21.15,20.8,21.53,22.4875
3028,2020-11-04,21.25,21.15,21.2,21.0625
3029,2020-11-04,37.1,37.1,36.510000000000005,37.5775
3030,2020-11-04,54.5,55.0,55.14000000000001,56.40500000000001
3031,2020-11-04,13.35,13.25,13.370000000000001,13.525
3032,2020-11-04,48.1,48.05,49.18,49.455
3033,2020-11-04,18.25,18.15,18.24,18.110000000000003
3034,2020-11-04,264.0,273.0,269.7,277.125
3035,2020-11-04,41.7,41.75,41.69,43.235
3036,2020-11-04,36.9,37.35,36.84,37.2075
3037,2020-11-04,67.0,68.8,67.6,80.33500000000001
3038,2020-11-04,17.6,17.45,17.43,17.43
3040,2020-11-04,34.55,34.3,34.35,34.225
3041,2020-11-04,28.9,28.55,29.27,26.610000000000003
3042,2020-11-04,74.4,74.5,77.9,76.59
3043,2020-11-04,6.15,6.09,6.462000000000001,7.242
3044,2020-11-04,116.0,116.0,115.6,116.575
3045,2020-11-04,97.8,97.9,97.8,97.1
3046,2020-11-04,14.05,14.45,14.61,15.245000000000001
3047,2020-11-04,13.9,13.95,13.710000000000003,14.190000000000001
3048,2020-11-04,18.55,18.45,18.229999999999997,17.957500000000003
3049,2020-11-04,10.25,10.2,10.016,9.994499999999999
3050,2020-11-04,11.8,11.5,11.68,11.54
3051,2020-11-04,4.55,4.52,4.468000000000001,4.563000000000001
3052,2020-11-04,10.95,10.95,10.97,11.125
3054,2020-11-04,22.9,22.75,22.720000000000002,22.96
3055,2020-11-04,33.15,33.4,33.309999999999995,35.635
3056,2020-11-04,38.5,38.65,38.629999999999995,38.96
3057,2020-11-04,10.75,10.75,11.02,11.5725
3058,2020-11-04,8.93,8.86,8.628,8.456
3059,2020-11-04,25.9,26.1,25.909999999999997,26.597499999999997
3060,2020-11-04,13.7,13.5,13.669999999999998,13.98
3062,2020-11-04,14.2,14.25,14.12,14.267500000000002
3090,2020-11-04,45.95,46.05,45.21,45.004999999999995
3094,2020-11-04,21.2,22.0,21.26,21.6425
3130,2020-11-04,145.5,145.5,145.7,143.875
3149,2020-11-04,16.5,16.1,16.79,15.372500000000002
3164,2020-11-04,22.7,22.6,22.560000000000002,23.29
3167,2020-11-04,43.1,42.75,43.14,43.745000000000005
3189,2020-11-04,73.6,78.0,70.97999999999999,69.72
3209,2020-11-04,20.0,19.95,19.889999999999997,19.86
3229,2020-11-04,9.35,9.21,9.200000000000001,9.334
3231,2020-11-04,28.9,29.0,28.689999999999998,28.97
3257,2020-11-04,71.3,71.2,71.64000000000001,70.91499999999999
3266,2020-11-04,14.65,14.6,14.35,14.402499999999998
3296,2020-11-04,14.7,14.65,14.770000000000005,14.385
3305,2020-11-04,24.35,24.2,24.310000000000006,24.965
3308,2020-11-04,6.6,6.69,6.474000000000001,6.712999999999999
3311,2020-11-04,29.5,29.4,28.51,27.652499999999996
3312,2020-11-04,13.1,13.05,13.09,13.2
3321,2020-11-04,16.65,16.05,16.630000000000003,16.52
3338,2020-11-04,58.9,57.8,56.739999999999995,60.89000000000001
3346,2020-11-04,39.55,40.95,39.89,37.097500000000004
3356,2020-11-04,24.8,24.5,24.55,24.547500000000003
3376,2020-11-04,147.5,146.5,144.1,144.425
3380,2020-11-04,26.55,26.25,26.25,27.110000000000003
3383,2020-11-04,3.95,3.91,3.94,4.286
3406,2020-11-04,570.0,577.0,565.8,572.0
3413,2020-11-04,178.0,180.0,175.2,180.5
3416,2020-11-04,71.1,71.7,72.36,77.06
3419,2020-11-04,15.6,15.8,15.430000000000003,14.102500000000001
3432,2020-11-04,12.85,12.85,12.88,13.13
3437,2020-11-04,21.2,21.1,20.889999999999997,22.009999999999998
3443,2020-11-04,258.5,265.5,257.8,266.875
3450,2020-11-04,64.7,65.8,63.720000000000006,65.09
3454,2020-11-04,73.2,73.2,73.28,74.645
3481,2020-11-04,10.15,10.0,10.054000000000002,9.85
3494,2020-11-04,4.48,4.53,4.564,4.8795
3501,2020-11-04,45.65,45.65,45.69,46.0625
3504,2020-11-04,53.7,52.9,52.06,54.3
3515,2020-11-04,160.0,157.5,164.7,168.225
3518,2020-11-04,27.0,27.3,26.79,27.9575
3528,2020-11-04,40.4,40.2,40.13,40.33
3530,2020-11-04,88.0,86.9,84.74,87.82000000000001
3532,2020-11-04,115.0,122.0,114.0,115.05
3533,2020-11-04,430.0,438.0,441.8,466.4
3535,2020-11-04,18.3,18.35,18.080000000000002,18.275
3536,2020-11-04,4.3,4.1,4.036,4.724500000000001
3543,2020-11-04,22.45,22.5,22.11,22.9625
3545,2020-11-04,50.5,50.4,51.379999999999995,39.8275
3550,2020-11-04,14.35,14.1,14.270000000000001,14.8225
3557,2020-11-04,78.3,79.3,75.88000000000001,77.12
3563,2020-11-04,284.0,282.0,285.6,292.575
3576,2020-11-04,15.1,14.9,15.389999999999997,14.855
3583,2020-11-04,58.6,57.8,57.220000000000006,58.879999999999995
3588,2020-11-04,40.7,39.5,39.870000000000005,40.0875
3591,2020-11-04,11.6,11.7,11.610000000000003,11.775
3593,2020-11-04,11.0,11.0,10.830000000000002,11.215
3596,2020-11-04,100.0,100.5,100.3,96.73499999999999
3605,2020-11-04,34.3,35.2,33.21,33.545
3607,2020-11-04,12.1,12.1,12.05,12.2975
3617,2020-11-04,76.3,76.4,75.92000000000002,76.65
3622,2020-11-04,21.0,21.1,20.8,21.48
3645,2020-11-04,54.8,54.1,54.2,57.53000000000001
3653,2020-11-04,298.0,301.5,301.4,315.575
3661,2020-11-04,486.5,481.0,483.4,507.3
3665,2020-11-04,224.0,229.5,218.9,219.625
3669,2020-11-04,91.8,95.5,93.18,100.535
3673,2020-11-04,50.2,49.95,49.7,50.725
3679,2020-11-04,105.5,105.5,105.2,105.55
3682,2020-11-04,9.49,9.44,9.464,9.861
3686,2020-11-04,19.35,18.55,20.639999999999997,20.47
3694,2020-11-04,32.45,32.8,31.380000000000003,31.6675
3698,2020-11-04,18.6,18.8,18.259999999999998,19.055
3701,2020-11-04,13.2,13.1,13.079999999999998,13.065000000000001
3702,2020-11-04,39.0,39.2,39.08,39.302499999999995
3703,2020-11-04,25.0,24.75,24.87,25.1825
3704,2020-11-04,23.45,23.35,23.05,24.2125
3705,2020-11-04,43.0,42.8,43.029999999999994,43.5375
3706,2020-11-04,28.9,28.75,28.47,28.6575
3708,2020-11-04,165.0,162.0,160.9,163.8
3711,2020-11-04,67.1,68.0,64.97999999999999,63.275
3712,2020-11-04,38.2,36.9,36.06,37.495
4104,2020-11-04,56.8,56.7,56.379999999999995,56.58
4106,2020-11-04,29.6,29.6,29.8,30.1375
4108,2020-11-04,24.9,24.75,25.150000000000002,25.597500000000004
4119,2020-11-04,118.0,117.0,117.6,118.65
4133,2020-11-04,64.8,63.0,65.6,70.155
4137,2020-11-04,176.0,177.0,175.5,178.175
4141,2020-11-04,11.15,11.05,11.32,11.47
4142,2020-11-04,61.2,60.9,61.32000000000001,67.02
4148,2020-11-04,33.05,33.6,33.31,34.6025
4155,2020-11-04,30.85,31.15,30.54,29.8
4164,2020-11-04,37.45,37.75,37.239999999999995,37.5125
4190,2020-11-04,88.5,87.5,86.4,85.86999999999999
4306,2020-11-04,14.95,14.9,14.77,15.060000000000002
4414,2020-11-04,11.25,11.25,11.42,11.8275
4426,2020-11-04,27.15,27.25,27.15,27.485000000000003
4438,2020-11-04,105.0,104.5,105.7,109.4
4439,2020-11-04,135.0,129.0,127.2,121.925
4526,2020-11-04,14.3,14.3,14.3,14.2775
4532,2020-11-04,19.45,19.45,19.340000000000007,19.575
4536,2020-11-04,150.0,151.5,151.7,153.925
4540,2020-11-04,44.1,43.9,43.95,44.8925
4545,2020-11-04,29.9,30.2,29.889999999999997,30.077499999999997
4551,2020-11-04,175.0,177.0,173.6,175.95
4552,2020-11-04,36.35,36.05,36.45,37.5775
4555,2020-11-04,48.2,48.55,47.89,48.417500000000004
4557,2020-11-04,62.7,62.5,62.720000000000006,62.335
4560,2020-11-04,40.7,40.5,40.019999999999996,39.775
4562,2020-11-04,16.7,16.65,16.669999999999998,17.020000000000003
4564,2020-11-04,27.65,27.85,27.810000000000002,29.505000000000003
4566,2020-11-04,37.05,37.25,37.04,37.09
4571,2020-11-04,70.4,70.0,69.3,70.715
4572,2020-11-04,71.2,71.9,71.6,74.98499999999999
4576,2020-11-04,75.4,74.8,74.38000000000001,75.18
4581,2020-11-04,36.2,36.6,36.519999999999996,36.907500000000006
4720,2020-11-04,13.0,12.95,12.86,13.1975
4722,2020-11-04,27.55,27.6,27.589999999999996,27.6
4725,2020-11-04,17.75,17.75,17.76,17.7575
4737,2020-11-04,71.3,71.4,71.08,71.22
4739,2020-11-04,54.5,53.6,52.94,55.42999999999999
4746,2020-11-04,48.45,48.25,48.33,49.1325
4755,2020-11-04,68.0,67.6,68.25999999999999,68.080025
4763,2020-11-04,132.5,131.0,129.9,138.3
4764,2020-11-04,61.1,61.0,60.56,60.815
4766,2020-11-04,144.0,143.0,143.2,137.05
4807,2020-11-04,28.15,28.15,28.2,29.025
4904,2020-11-04,60.6,60.2,60.17999999999999,60.5
4906,2020-11-04,29.2,28.85,28.910000000000004,27.677500000000002
4912,2020-11-04,118.0,122.0,118.4,122.2
4915,2020-11-04,46.15,45.45,44.95,44.5625
4916,2020-11-04,21.25,21.3,21.36,21.215
4919,2020-11-04,41.8,41.7,41.519999999999996,44.2625
4927,2020-11-04,75.6,75.8,75.24,72.89000000000001
4930,2020-11-04,15.95,15.95,15.860000000000003,14.8375
4934,2020-11-04,28.8,27.55,29.830000000000002,31.175
4935,2020-11-04,105.0,104.0,102.4,107.175
4938,2020-11-04,62.4,62.3,61.92,62.96500000000001
4942,2020-11-04,38.45,38.7,38.53,38.825
4943,2020-11-04,88.9,88.6,87.62,85.275
4952,2020-11-04,34.8,34.6,34.42,34.455
4956,2020-11-04,18.55,18.4,18.31,18.8275
4958,2020-11-04,124.0,126.0,123.9,129.45
4960,2020-11-04,9.71,9.5,9.568000000000001,9.5425
4961,2020-11-04,35.9,35.75,35.410000000000004,36.5025
4967,2020-11-04,33.15,33.3,32.81,34.2125
4968,2020-11-04,241.5,247.0,236.7,242.175
4976,2020-11-04,46.75,47.3,45.989999999999995,48.15
4977,2020-11-04,104.0,104.0,102.7,104.35
4989,2020-11-04,17.0,16.85,16.860000000000003,16.5475
4994,2020-11-04,60.4,60.0,59.580000000000005,60.265
4999,2020-11-04,46.05,45.9,45.83,46.47
5007,2020-11-04,45.7,46.0,45.81,45.5175
5203,2020-11-04,101.5,103.5,104.54,111.41
5215,2020-11-04,157.0,162.0,155.7,155.55
5225,2020-11-04,28.55,28.05,28.0,29.455000000000002
5234,2020-11-04,80.4,80.2,79.85999999999999,80.85
5243,2020-11-04,33.85,33.65,33.86,34.6875
5258,2020-11-04,20.55,20.8,20.490000000000002,21.002499999999998
5264,2020-11-04,86.5,86.3,86.47999999999999,86.5
5269,2020-11-04,1460.0,1405.0,1478.0,1539.25
5283,2020-11-04,102.5,102.5,102.0,102.275
5284,2020-11-04,33.15,33.3,33.239999999999995,33.655
5285,2020-11-04,45.6,47.0,44.95,45.542500000000004
5288,2020-11-04,95.9,101.5,95.56,97.80499999999999
5388,2020-11-04,73.3,73.7,73.54,74.095
5434,2020-11-04,118.5,117.0,114.7,115.2
5469,2020-11-04,41.25,41.0,40.17,40.885000000000005
5471,2020-11-04,70.5,70.1,68.2,69.505
5484,2020-11-04,10.3,10.25,10.27,10.4825
5515,2020-11-04,11.85,11.95,11.78,11.940000000000001
5519,2020-11-04,15.05,15.2,14.98,15.052499999999998
5521,2020-11-04,12.9,12.9,12.530000000000003,12.0925
5522,2020-11-04,45.0,45.5,44.94,45.684999999999995
5525,2020-11-04,21.4,21.45,21.52,21.5825
5531,2020-11-04,10.2,10.15,10.17,10.29
5533,2020-11-04,15.85,16.0,15.860000000000003,16.005000000000003
5534,2020-11-04,80.4,79.9,80.03999999999999,80.125
5538,2020-11-04,32.0,32.0,32.0,31.9575
5607,2020-11-04,31.0,32.1,30.54,28.9575
5608,2020-11-04,7.1,7.03,7.052,6.9045000000000005
5706,2020-11-04,28.6,28.4,28.810000000000002,29.045000000000005
5871,2020-11-04,144.0,147.0,139.9,138.35
5876,2020-11-04,38.2,38.2,37.660000000000004,38.2025
5880,2020-11-04,19.65,19.65,19.43,19.6
5906,2020-11-04,35.5,36.1,34.309999999999995,34.5925
5907,2020-11-04,21.1,21.1,20.919999999999998,21.81
6005,2020-11-04,11.0,10.95,10.89,10.9025
6024,2020-11-04,36.75,36.7,36.660000000000004,36.7625
6108,2020-11-04,20.75,20.6,20.660000000000004,20.830000000000002
6112,2020-11-04,38.7,38.85,39.11,39.2
6115,2020-11-04,41.15,41.05,41.13,41.2325
6116,2020-11-04,9.45,9.49,9.32,9.236999999999998
6117,2020-11-04,16.15,16.2,16.360000000000003,17.6175
6120,2020-11-04,11.15,11.15,11.15,11.4525
6128,2020-11-04,27.5,27.3,27.25,26.96
6133,2020-11-04,8.05,8.18,8.203999999999999,8.291
6136,2020-11-04,17.2,17.3,17.21,17.277499999999996
6139,2020-11-04,26.3,26.1,26.020000000000003,26.422500000000003
6141,2020-11-04,27.75,26.9,26.770000000000003,26.4475
6142,2020-11-04,7.59,7.59,7.732000000000001,8.0075
6152,2020-11-04,10.15,10.9,10.012,9.4775
6153,2020-11-04,29.8,30.15,29.189999999999998,28.4875
6155,2020-11-04,23.8,23.6,22.53,22.322499999999998
6164,2020-11-04,7.3,7.42,7.4319999999999995,7.5575
6165,2020-11-04,57.1,51.9,60.120000000000005,72.235
6166,2020-11-04,65.4,65.1,65.8,66.22
6168,2020-11-04,13.65,13.7,13.55,14.122499999999999
6172,2020-11-04,28.3,28.35,28.15,27.697499999999998
6176,2020-11-04,111.5,111.0,110.9,109.25
6177,2020-11-04,29.7,29.45,29.78,29.596285
6183,2020-11-04,46.35,46.45,46.06,46.78
6184,2020-11-04,41.1,41.35,41.06000000000001,41.045
6189,2020-11-04,35.6,35.65,35.489999999999995,35.125
6191,2020-11-04,22.2,22.3,22.21,22.2925
6192,2020-11-04,63.7,63.5,63.14,64.32000000000001
6196,2020-11-04,103.5,104.5,101.9,105.925
6197,2020-11-04,34.0,34.55,34.07,34.3075
6201,2020-11-04,34.95,35.1,34.92,34.68
6202,2020-11-04,70.1,69.4,70.1,68.015
6205,2020-11-04,36.0,36.6,35.160000000000004,33.927499999999995
6206,2020-11-04,60.2,60.1,60.34000000000001,61.105
6209,2020-11-04,32.9,32.45,32.1,33.68
6213,2020-11-04,125.5,131.0,123.1,125.45
6214,2020-11-04,81.4,81.7,81.22,81.825
6215,2020-11-04,15.1,15.2,15.26,15.517499999999998
6216,2020-11-04,25.1,25.1,25.14,25.3675
6224,2020-11-04,93.2,93.0,93.11999999999999,92.965
6225,2020-11-04,3.71,3.82,4.0520000000000005,4.1585
6226,2020-11-04,8.28,8.22,8.212,8.0165
6230,2020-11-04,235.0,234.0,232.5,247.125
6235,2020-11-04,15.65,15.7,15.580000000000002,16.072499999999998
6239,2020-11-04,86.0,85.6,84.7,86.385
6243,2020-11-04,11.6,11.65,11.66,12.0775
6251,2020-11-04,19.05,18.8,18.63,18.1475
6257,2020-11-04,38.0,38.1,37.93,38.6475
6269,2020-11-04,115.5,116.0,116.7,121.05
6271,2020-11-04,131.5,134.0,128.3,133.825
6277,2020-11-04,82.7,82.7,82.34,82.575
6278,2020-11-04,103.0,107.0,100.30000000000001,102.775
6281,2020-11-04,68.7,68.9,68.55999999999999,68.825
6282,2020-11-04,26.95,26.7,26.55,26.485000000000003
6283,2020-11-04,35.3,35.05,34.6,37.6925
6285,2020-11-04,77.5,78.8,76.12,77.375
6288,2020-11-04,33.65,33.5,33.22,34.5575
6289,2020-11-04,3.71,3.51,3.758,4.1025
6405,2020-11-04,17.8,17.75,17.85,18.5775
6409,2020-11-04,942.0,948.0,958.4,975.5
6412,2020-11-04,66.7,68.4,66.9,66.755
6414,2020-11-04,226.0,225.0,226.3,235.675
6415,2020-11-04,1860.0,1940.0,1823.0,1892.25
6416,2020-11-04,128.0,129.5,127.4,130.575
6431,2020-11-04,26.5,27.5,26.67996,27.79996
6442,2020-11-04,28.65,28.65,28.619999999999997,29.135
6443,2020-11-04,35.6,33.4,37.57000000000001,36.287485
6449,2020-11-04,51.0,52.5,50.760000000000005,52.25750000000001
6451,2020-11-04,95.2,94.0,93.5,98.87
6452,2020-11-04,56.6,56.6,56.6,56.6
6456,2020-11-04,116.0,117.0,114.5,120.925
6464,2020-11-04,105.5,106.5,108.3,118.25
6477,2020-11-04,57.0,57.8,59.42,55.88499999999999
6491,2020-11-04,251.0,251.0,247.4,228.625
6504,2020-11-04,228.5,223.0,231.7,236.875
6505,2020-11-04,80.1,80.9,79.44,80.755
6525,2020-11-04,56.2,56.2,55.779999999999994,56.785000000000004
6531,2020-11-04,304.5,310.0,302.3,316.575
6533,2020-11-04,154.0,152.5,152.3,160.85
6541,2020-11-04,37.2999,37.2999,37.60996,38.70996
6552,2020-11-04,46.8,46.3,48.74468,49.666399999999996
6558,2020-11-04,51.0,50.1,52.06,48.515
6573,2020-11-04,15.4,15.3,15.209999999999999,15.664999999999997
6579,2020-11-04,68.5,69.2,68.6,69.745
6581,2020-11-04,68.1,68.3,67.52,67.715
6582,2020-11-04,219.0,214.5,222.1,198.875
6591,2020-11-04,52.8,52.7,52.8,55.08
6592,2020-11-04,79.5,79.8,79.24,81.34
6605,2020-11-04,47.5,47.1,47.519999999999996,47.545
6625,2020-11-04,35.4,35.1,35.61,37.527499999999996
6641,2020-11-04,63.5,63.5,62.58,63.14000000000001
6655,2020-11-04,51.3,51.0,49.12,47.542500000000004
6666,2020-11-04,103.0,103.5,101.7,103.175
6668,2020-11-04,49.2,49.05,49.29,51.002500000000005
6669,2020-11-04,720.0,721.0,729.0,731.25
6670,2020-11-04,184.0,183.5,180.4,176.75
6671,2020-11-04,38.2,38.45,38.489999999999995,38.43
6672,2020-11-04,71.3,71.8,70.6,70.12
6674,2020-11-04,27.95,28.2,28.28,28.317500000000003
6698,2020-11-04,40.0,40.5,40.36,41.644999999999996
6706,2020-11-04,143.0,145.5,141.0,143.75
6715,2020-11-04,124.0,123.0,126.3,133.025
8011,2020-11-04,15.6,15.65,15.559999999999999,16.1775
8016,2020-11-04,126.0,128.0,125.9,128.925
8021,2020-11-04,21.65,21.55,21.85,22.5075
8028,2020-11-04,47.55,46.85,47.47,48.2225
8033,2020-11-04,10.65,10.65,10.59,10.860000000000001
8039,2020-11-04,53.0,53.4,51.1,50.652499999999996
8046,2020-11-04,120.0,125.5,114.6,121.875
8070,2020-11-04,21.85,22.1,21.94,21.1
8072,2020-11-04,29.7,29.5,29.660000000000004,30.794999999999998
8081,2020-11-04,149.5,147.0,149.1,154.5
8101,2020-11-04,4.98,5.2,4.958,5.537
8103,2020-11-04,29.1,29.2,29.330000000000002,30.535000000000004
8104,2020-11-04,49.45,46.85,46.22,46.635000000000005
8105,2020-11-04,10.5,10.45,10.489999999999998,10.785
8110,2020-11-04,10.8,10.65,10.809999999999999,10.459
8112,2020-11-04,30.25,30.35,30.24000000000001,29.839999999999996
8114,2020-11-04,78.5,78.8,77.9,78.97
8131,2020-11-04,35.4,35.4,35.29,35.42999999999999
8150,2020-11-04,28.7,28.85,28.399999999999995,28.9
8163,2020-11-04,40.95,40.55,40.15,39.445
8201,2020-11-04,8.94,9.1,9.032,9.1045
8210,2020-11-04,87.8,88.1,87.34,89.33
8213,2020-11-04,41.5,41.45,40.83,41.08
8215,2020-11-04,22.95,22.65,22.65,22.1525
8222,2020-11-04,13.0,12.95,12.970000000000002,13.105
8249,2020-11-04,17.15,17.15,17.119999999999997,17.125
8261,2020-11-04,40.6,40.3,40.53,41.58
8271,2020-11-04,36.5,36.6,36.3,36.4925
8341,2020-11-04,221.0,224.5,215.8,221.325
8367,2020-11-04,26.1,25.95,26.25,26.605
8374,2020-11-04,25.65,24.35,24.91,25.509999999999998
8404,2020-11-04,27.95,28.8,28.04,28.49
8411,2020-11-04,13.55,13.7,13.530000000000001,13.319999999999999
8422,2020-11-04,159.0,159.0,158.1,158.55
8427,2020-11-04,43.0,43.0,43.0,44.3125
8429,2020-11-04,8.27,8.25,8.33,8.6865
8442,2020-11-04,46.0,46.0,45.660000000000004,46.1775
8443,2020-11-04,10.35,10.2,10.459999999999999,10.7525
8454,2020-11-04,691.0,685.0,691.8,693.5
8462,2020-11-04,156.5,157.0,156.6,159.475
8463,2020-11-04,35.9,35.2,36.010000000000005,36.7575
8464,2020-11-04,320.0,322.5,322.6,327.425
8466,2020-11-04,63.4,63.7,63.4,63.57000000000001
8467,2020-11-04,49.4,49.0,49.72,49.935
8473,2020-11-04,42.9,42.7,43.3,44.2375
8478,2020-11-04,61.7,61.2,61.3,59.245000000000005
8480,2020-11-04,121.0,121.5,119.5,121.05
8481,2020-11-04,69.6,70.9,69.74000000000001,70.17999999999999
8482,2020-11-04,99.5,100.0,99.9,102.925
8488,2020-11-04,13.5,13.65,13.55,13.9275
8499,2020-11-04,150.5,164.0,146.4,144.65
8926,2020-11-04,37.9,37.75,37.89,37.902499999999996
8940,2020-11-04,9.91,9.9,9.868,9.963000000000001
8996,2020-11-04,51.0,49.9,48.330000000000005,49.85
9103,2020-11-04,35.15,38.65,38.269999999999996,46.2875
910322,2020-11-04,26.1,25.9,26.22,26.355
9105,2020-11-04,4.7,5.1,5.048,5.5200000000000005
910861,2020-11-04,10.5,10.75,10.389999999999999,10.997499999999999
9110,2020-11-04,3.81,4.18,3.978,4.1395
911608,2020-11-04,5.54,6.09,6.069999999999999,9.108
911616,2020-11-04,2.3,2.53,2.4980000000000007,2.53
911622,2020-11-04,4.35,4.64,4.534000000000001,5.9784999999999995
911868,2020-11-04,2.18,2.36,2.278,2.5454999999999997
912000,2020-11-04,3.65,3.98,3.9879999999999995,5.414499999999999
912398,2020-11-04,4.85,5.4,5.319999999999999,7.495
9136,2020-11-04,10.7,10.7,10.55,11.242500000000001
9188,2020-11-04,3.8,3.97,3.9099999999999993,4.1915
9802,2020-11-04,120.0,120.5,119.0,116.0
9902,2020-11-04,9.61,9.68,9.648,9.8125
9904,2020-11-04,25.55,25.5,25.53,26.169999999999998
9905,2020-11-04,22.5,22.6,21.77,21.565
9906,2020-11-04,38.5,38.35,38.25,39.915
9907,2020-11-04,10.15,10.15,10.018000000000002,10.1495
9908,2020-11-04,31.35,31.35,31.23,31.3
9910,2020-11-04,176.5,176.0,174.6,176.775
9911,2020-11-04,50.0,50.0,49.35,49.05
9912,2020-11-04,7.11,7.11,7.146000000000001,7.208499999999999
9914,2020-11-04,272.5,274.5,278.5,257.875
9917,2020-11-04,87.7,87.8,87.24000000000001,86.78
9918,2020-11-04,35.5,35.55,35.370000000000005,35.667500000000004
9919,2020-11-04,41.1,40.6,41.55,41.522499999999994
9921,2020-11-04,272.5,273.5,274.5,270.15
9924,2020-11-04,42.75,42.9,42.6,43.2325
9925,2020-11-04,36.55,36.65,36.470000000000006,36.595
9926,2020-11-04,43.75,43.75,43.65,43.709999999999994
9927,2020-11-04,27.4,27.45,27.5,27.645
9928,2020-11-04,4.8,4.8,4.814,4.8759999999999994
9929,2020-11-04,12.6,12.65,12.59,12.8225
9930,2020-11-04,44.05,44.35,44.0,44.805
9931,2020-11-04,40.5,40.45,40.77000000000001,40.55499999999999
9933,2020-11-04,38.85,38.95,38.970000000000006,38.9875
9934,2020-11-04,15.45,15.45,15.360000000000003,15.217499999999998
9935,2020-11-04,33.1,32.95,33.28,33.6675
9937,2020-11-04,47.0,47.0,46.72,46.3175
9938,2020-11-04,70.8,70.9,70.84,71.0
9939,2020-11-04,59.0,58.9,58.58,57.175
9940,2020-11-04,28.7,28.85,28.639999999999997,29.055
9941,2020-11-04,97.5,97.7,97.05999999999999,98.32000000000001
9942,2020-11-04,64.4,64.4,64.46000000000001,64.345
9943,2020-11-04,60.7,61.0,60.620000000000005,61.385000000000005
9944,2020-11-04,22.45,22.45,22.650000000000006,22.6825
9945,2020-11-04,40.3,40.0,39.980000000000004,39.3175
9946,2020-11-04,19.25,19.1,19.53,18.955009999999998
9955,2020-11-04,18.9,18.75,18.580000000000002,18.8625
9958,2020-11-04,132.5,129.5,131.3,134.225
